,age,sex,chest_pain_type,resting_blood_pressure,cholestoral,fasting_blood_sugar,rest_ecg,Max_heart_rate,exercise_induced_angina,oldpeak,slope,vessels_colored_by_flourosopy,thalassemia,target
count,1025.0,1025.0,1025.0,1025.0,1025.0,1025.0,1025.0,1025.0,1025.0,1025.0,1025.0,1025.0,1025.0,1025.0
mean,-3.431401504402435e-16,0.6956097560975609,2.171707317073171,-7.036106115087822e-16,-3.4660621256590253e-18,0.8507317073170731,1.4858536585365854,-4.3325776570737815e-16,0.33658536585365856,-2.426243487961318e-16,0.6146341463414634,3.0029268292682927,1.3317073170731708,0.5131707317073171
std,1.000488162098882,0.4603733241196503,0.9590133236186228,1.0004881620988828,1.0004881620988855,0.3565266897271594,0.5285269162677615,1.0004881620988813,0.4727723760037095,1.000488162098883,0.6177552671745906,1.2933843155863995,1.4440136096581897,0.5000704980788051
min,-2.8048664310230067,0.0,0.0,-2.148237353339241,-2.3270544304215677,0.0,0.0,-3.3970797689318357,0.0,-0.9123290898224784,0.0,0.0,0.0,0.0
25%,-0.7095548182814244,0.0,2.0,-0.6632164603507903,-0.6787242088729573,1.0,1.0,-0.744271339086044,0.0,-0.9123290898224784,0.0,2.0,0.0,0.0
50%,0.172681650241347,1.0,2.0,-0.09205457843215531,-0.1163527215210784,1.0,2.0,0.12550191660110077,0.0,-0.2311765325481161,1.0,4.0,0.0,1.0
75%,0.7240794430680791,1.0,3.0,0.4791073034864796,0.5623714873518789,1.0,2.0,0.7343431955821021,1.0,0.6202641640448368,1.0,4.0,3.0,1.0
max,2.488552380113622,1.0,3.0,3.9060785949982892,6.166694240617154,1.0,2.0,2.299935055818963,1.0,4.366603229053829,2.0,4.0,3.0,1.0
